,url
0,https://www.bilibili.com/video/av76677531
1,https://www.bilibili.com/video/av752915301
2,https://www.bilibili.com/video/av712770145
3,https://www.bilibili.com/video/av53536744
4,https://www.bilibili.com/video/av372546383
5,https://www.bilibili.com/video/av372815283
6,https://www.bilibili.com/video/av457420855
7,https://www.bilibili.com/video/av710640367
8,https://www.bilibili.com/video/av90631736
9,https://www.bilibili.com/video/av22945503
10,https://www.bilibili.com/video/av82974099
11,https://www.bilibili.com/video/av202918970
12,https://www.bilibili.com/video/av669341721
13,https://www.bilibili.com/video/av752867594
14,https://www.bilibili.com/video/av87442260
15,https://www.bilibili.com/video/av89778545
16,https://www.bilibili.com/video/av670336278
17,https://www.bilibili.com/video/av41523710
18,https://www.bilibili.com/video/av797230787
19,https://www.bilibili.com/video/av582805438
20,https://www.bilibili.com/video/av67920080
21,https://www.bilibili.com/video/av668277372
22,https://www.bilibili.com/video/av201380567
23,https://www.bilibili.com/video/av667902412
24,https://www.bilibili.com/video/av968138112
25,https://www.bilibili.com/video/av883374405
26,https://www.bilibili.com/video/av710287322
27,https://www.bilibili.com/video/av74365184
28,https://www.bilibili.com/video/av56073362
29,https://www.bilibili.com/video/av96398911
30,https://www.bilibili.com/video/av96641711
31,https://www.bilibili.com/video/av62931711
32,https://www.bilibili.com/video/av85591928
33,https://www.bilibili.com/video/av90068427
34,https://www.bilibili.com/video/av96592708
35,https://www.bilibili.com/video/av243641883
36,https://www.bilibili.com/video/av84687102
37,https://www.bilibili.com/video/av99102518
38,https://www.bilibili.com/video/av415534556
39,https://www.bilibili.com/video/av80436056
40,https://www.bilibili.com/video/av242874719
41,https://www.bilibili.com/video/av97863925
42,https://www.bilibili.com/video/av669127336
43,https://www.bilibili.com/video/av58687758
44,https://www.bilibili.com/video/av203332642
45,https://www.bilibili.com/video/av797382582
46,https://www.bilibili.com/video/av796951277
47,https://www.bilibili.com/video/av457765163
48,https://www.bilibili.com/video/av95209837
49,https://www.bilibili.com/video/av91236037
50,https://www.bilibili.com/video/av244261280
51,https://www.bilibili.com/video/av499421969
52,https://www.bilibili.com/video/av91099687
53,https://www.bilibili.com/video/av798212743
54,https://www.bilibili.com/video/av74887392
55,https://www.bilibili.com/video/av754665074
56,https://www.bilibili.com/video/av89521833
57,https://www.bilibili.com/video/av458116367
58,https://www.bilibili.com/video/av98967151
59,https://www.bilibili.com/video/av71233029
60,https://www.bilibili.com/video/av712894333
61,https://www.bilibili.com/video/av753524338
62,https://www.bilibili.com/video/av627130563
63,https://www.bilibili.com/video/av84783857
64,https://www.bilibili.com/video/av98018687
65,https://www.bilibili.com/video/av62403549
66,https://www.bilibili.com/video/av80817193
67,https://www.bilibili.com/video/av91064811
68,https://www.bilibili.com/video/av669000233
69,https://www.bilibili.com/video/av243173164
70,https://www.bilibili.com/video/av57667163
71,https://www.bilibili.com/video/av841411914
72,https://www.bilibili.com/video/av32218162
73,https://www.bilibili.com/video/av87495734
74,https://www.bilibili.com/video/av286952928
75,https://www.bilibili.com/video/av94576261
76,https://www.bilibili.com/video/av625289521
77,https://www.bilibili.com/video/av582784492
78,https://www.bilibili.com/video/av498609030
79,https://www.bilibili.com/video/av668487525
80,https://www.bilibili.com/video/av93598406
81,https://www.bilibili.com/video/av370584834
82,https://www.bilibili.com/video/av90630723
83,https://www.bilibili.com/video/av882959233
84,https://www.bilibili.com/video/av201935252
85,https://www.bilibili.com/video/av95367531
86,https://www.bilibili.com/video/av795644209
87,https://www.bilibili.com/video/av202106450
88,https://www.bilibili.com/video/av93467361
89,https://www.bilibili.com/video/av94817598
90,https://www.bilibili.com/video/av89492637
91,https://www.bilibili.com/video/av286639828
92,https://www.bilibili.com/video/av670365476
93,https://www.bilibili.com/video/av52561499
94,https://www.bilibili.com/video/av926693592
95,https://www.bilibili.com/video/av200777042
96,https://www.bilibili.com/video/av541184037
97,https://www.bilibili.com/video/av541422637
98,https://www.bilibili.com/video/av97131150
99,https://www.bilibili.com/video/av840557355
100,https://www.bilibili.com/video/av87956637
101,https://www.bilibili.com/video/av99998469
102,https://www.bilibili.com/video/av371196456
103,https://www.bilibili.com/video/av61101854
104,https://www.bilibili.com/video/av26136164
105,https://www.bilibili.com/video/av925773072
106,https://www.bilibili.com/video/av96908602
107,https://www.bilibili.com/video/av287963949
108,https://www.bilibili.com/video/av88668279
109,https://www.bilibili.com/video/av841118684
110,https://www.bilibili.com/video/av89379769
111,https://www.bilibili.com/video/av497805759
112,https://www.bilibili.com/video/av31627568
113,https://www.bilibili.com/video/av200290940
114,https://www.bilibili.com/video/av60773191
115,https://www.bilibili.com/video/av329742049
116,https://www.bilibili.com/video/av98673575
117,https://www.bilibili.com/video/av370710447
118,https://www.bilibili.com/video/av89527645
119,https://www.bilibili.com/video/av99173401
120,https://www.bilibili.com/video/av243542109
121,https://www.bilibili.com/video/av94850968
122,https://www.bilibili.com/video/av34322391
123,https://www.bilibili.com/video/av85508584
124,https://www.bilibili.com/video/av626474410
125,https://www.bilibili.com/video/av201797090
126,https://www.bilibili.com/video/av65982961
127,https://www.bilibili.com/video/av201747945
128,https://www.bilibili.com/video/av90088073
129,https://www.bilibili.com/video/av89603750
130,https://www.bilibili.com/video/av99293152
131,https://www.bilibili.com/video/av455247714
132,https://www.bilibili.com/video/av796424116
133,https://www.bilibili.com/video/av455712180
134,https://www.bilibili.com/video/av89970093
135,https://www.bilibili.com/video/av98647054
136,https://www.bilibili.com/video/av456346369
137,https://www.bilibili.com/video/av711435875
138,https://www.bilibili.com/video/av80787618
139,https://www.bilibili.com/video/av371784132
140,https://www.bilibili.com/video/av79867253
141,https://www.bilibili.com/video/av67392603
142,https://www.bilibili.com/video/av330064153
143,https://www.bilibili.com/video/av60566864
144,https://www.bilibili.com/video/av668634155
145,https://www.bilibili.com/video/av92286284
146,https://www.bilibili.com/video/av66756727
147,https://www.bilibili.com/video/av370251439
148,https://www.bilibili.com/video/av92273042
149,https://www.bilibili.com/video/av89316092
150,https://www.bilibili.com/video/av53141597
151,https://www.bilibili.com/video/av44395783
152,https://www.bilibili.com/video/av668020949
153,https://www.bilibili.com/video/av925776607
154,https://www.bilibili.com/video/av711009880
155,https://www.bilibili.com/video/av90663682
156,https://www.bilibili.com/video/av90591074
157,https://www.bilibili.com/video/av840704601
158,https://www.bilibili.com/video/av97497888
159,https://www.bilibili.com/video/av797131859
160,https://www.bilibili.com/video/av328360079
161,https://www.bilibili.com/video/av60950732
162,https://www.bilibili.com/video/av91445007
163,https://www.bilibili.com/video/av66179822
164,https://www.bilibili.com/video/av499263772
165,https://www.bilibili.com/video/av96403685
166,https://www.bilibili.com/video/av796913412
167,https://www.bilibili.com/video/av925764168
168,https://www.bilibili.com/video/av884547146
169,https://www.bilibili.com/video/av39679770
170,https://www.bilibili.com/video/av841249531
171,https://www.bilibili.com/video/av202150453
172,https://www.bilibili.com/video/av667806990
173,https://www.bilibili.com/video/av414330901
174,https://www.bilibili.com/video/av926747450
175,https://www.bilibili.com/video/av669281512
176,https://www.bilibili.com/video/av540957292
177,https://www.bilibili.com/video/av79492324
178,https://www.bilibili.com/video/av88964753
179,https://www.bilibili.com/video/av34042711
180,https://www.bilibili.com/video/av413076206
181,https://www.bilibili.com/video/av85751747
182,https://www.bilibili.com/video/av755476755
183,https://www.bilibili.com/video/av884706891
184,https://www.bilibili.com/video/av329673017
185,https://www.bilibili.com/video/av87094421
186,https://www.bilibili.com/video/av372528094
187,https://www.bilibili.com/video/av498954637
188,https://www.bilibili.com/video/av329922566
189,https://www.bilibili.com/video/av98083537
190,https://www.bilibili.com/video/av49633017
191,https://www.bilibili.com/video/av710113183
192,https://www.bilibili.com/video/av90948044
193,https://www.bilibili.com/video/av57828245
194,https://www.bilibili.com/video/av83190245
195,https://www.bilibili.com/video/av94958078
196,https://www.bilibili.com/video/av925798182
197,https://www.bilibili.com/video/av92345602
198,https://www.bilibili.com/video/av63346322
199,https://www.bilibili.com/video/av38093899
200,https://www.bilibili.com/video/av87247793
201,https://www.bilibili.com/video/av754630936
202,https://www.bilibili.com/video/av285671708
203,https://www.bilibili.com/video/av712933582
204,https://www.bilibili.com/video/av585831615
205,https://www.bilibili.com/video/av795633822
206,https://www.bilibili.com/video/av78218516
207,https://www.bilibili.com/video/av64430810
208,https://www.bilibili.com/video/av75349543
209,https://www.bilibili.com/video/av89559109
210,https://www.bilibili.com/video/av200397712
211,https://www.bilibili.com/video/av627249066
212,https://www.bilibili.com/video/av928170442
213,https://www.bilibili.com/video/av88696643
214,https://www.bilibili.com/video/av285873459
215,https://www.bilibili.com/video/av541690806
216,https://www.bilibili.com/video/av498929355
217,https://www.bilibili.com/video/av76265985
218,https://www.bilibili.com/video/av584937803
219,https://www.bilibili.com/video/av98654159
220,https://www.bilibili.com/video/av91557257
221,https://www.bilibili.com/video/av54923091
222,https://www.bilibili.com/video/av245434261
223,https://www.bilibili.com/video/av711418231
224,https://www.bilibili.com/video/av88474921
225,https://www.bilibili.com/video/av500372631
226,https://www.bilibili.com/video/av243300523
227,https://www.bilibili.com/video/av287813510
228,https://www.bilibili.com/video/av541438890
229,https://www.bilibili.com/video/av712047493
230,https://www.bilibili.com/video/av78700766
231,https://www.bilibili.com/video/av883335973
232,https://www.bilibili.com/video/av67086560
233,https://www.bilibili.com/video/av928152474
234,https://www.bilibili.com/video/av96468526
235,https://www.bilibili.com/video/av63258316
236,https://www.bilibili.com/video/av456423119
237,https://www.bilibili.com/video/av99107253
238,https://www.bilibili.com/video/av328635406
239,https://www.bilibili.com/video/av285180066
240,https://www.bilibili.com/video/av754541452
241,https://www.bilibili.com/video/av286277156
242,https://www.bilibili.com/video/av25481636
243,https://www.bilibili.com/video/av286429781
244,https://www.bilibili.com/video/av798340918
245,https://www.bilibili.com/video/av885446163
246,https://www.bilibili.com/video/av497508957
247,https://www.bilibili.com/video/av412806556
248,https://www.bilibili.com/video/av70064484
249,https://www.bilibili.com/video/av80878535
250,https://www.bilibili.com/video/av542237406
251,https://www.bilibili.com/video/av839749331
252,https://www.bilibili.com/video/av371390239
253,https://www.bilibili.com/video/av287183749
254,https://www.bilibili.com/video/av497621053
255,https://www.bilibili.com/video/av98034324
256,https://www.bilibili.com/video/av91717041
257,https://www.bilibili.com/video/av78048692
258,https://www.bilibili.com/video/av200357472
259,https://www.bilibili.com/video/av55958462
260,https://www.bilibili.com/video/av415447198
261,https://www.bilibili.com/video/av711429351
262,https://www.bilibili.com/video/av82227843
263,https://www.bilibili.com/video/av77816435
264,https://www.bilibili.com/video/av95080084
265,https://www.bilibili.com/video/av75272553
266,https://www.bilibili.com/video/av457117889
267,https://www.bilibili.com/video/av372619527
268,https://www.bilibili.com/video/av70009111
269,https://www.bilibili.com/video/av87768795
270,https://www.bilibili.com/video/av414904355
271,https://www.bilibili.com/video/av755201443
272,https://www.bilibili.com/video/av65851822
273,https://www.bilibili.com/video/av667554924
274,https://www.bilibili.com/video/av89406152
275,https://www.bilibili.com/video/av91045378
276,https://www.bilibili.com/video/av882952035
277,https://www.bilibili.com/video/av372361936
278,https://www.bilibili.com/video/av753179052
279,https://www.bilibili.com/video/av88313287
280,https://www.bilibili.com/video/av627982605
281,https://www.bilibili.com/video/av60452574
282,https://www.bilibili.com/video/av84548497
283,https://www.bilibili.com/video/av287269439
284,https://www.bilibili.com/video/av202572046
285,https://www.bilibili.com/video/av499307836
286,https://www.bilibili.com/video/av883570834
287,https://www.bilibili.com/video/av497873914
288,https://www.bilibili.com/video/av500497871
289,https://www.bilibili.com/video/av46787805
290,https://www.bilibili.com/video/av285401084
291,https://www.bilibili.com/video/av413837239
292,https://www.bilibili.com/video/av370925945
293,https://www.bilibili.com/video/av80433722
294,https://www.bilibili.com/video/av841571599
295,https://www.bilibili.com/video/av91703166
296,https://www.bilibili.com/video/av67225271
297,https://www.bilibili.com/video/av95225454
298,https://www.bilibili.com/video/av32567613
299,https://www.bilibili.com/video/av75425475
300,https://www.bilibili.com/video/av89267761
301,https://www.bilibili.com/video/av626819106
302,https://www.bilibili.com/video/av370718959
303,https://www.bilibili.com/video/av286388441
304,https://www.bilibili.com/video/av201402444
305,https://www.bilibili.com/video/av96391333
306,https://www.bilibili.com/video/av90171362
307,https://www.bilibili.com/video/av65594842
308,https://www.bilibili.com/video/av669682396
309,https://www.bilibili.com/video/av370049256
310,https://www.bilibili.com/video/av668607529
311,https://www.bilibili.com/video/av456769577
312,https://www.bilibili.com/video/av286139756
313,https://www.bilibili.com/video/av498211587
314,https://www.bilibili.com/video/av372570956
315,https://www.bilibili.com/video/av668985450
316,https://www.bilibili.com/video/av926266840
317,https://www.bilibili.com/video/av839356295
318,https://www.bilibili.com/video/av668838966
319,https://www.bilibili.com/video/av98908947
320,https://www.bilibili.com/video/av583547106
321,https://www.bilibili.com/video/av90377451
322,https://www.bilibili.com/video/av98482796
323,https://www.bilibili.com/video/av287866535
324,https://www.bilibili.com/video/av883839067
325,https://www.bilibili.com/video/av75056035
326,https://www.bilibili.com/video/av79985740
327,https://www.bilibili.com/video/av35027151
328,https://www.bilibili.com/video/av456325892
329,https://www.bilibili.com/video/av626974624
330,https://www.bilibili.com/video/av81286497
331,https://www.bilibili.com/video/av795709699
332,https://www.bilibili.com/video/av841300082
333,https://www.bilibili.com/video/av330216459
334,https://www.bilibili.com/video/av330801809
335,https://www.bilibili.com/video/av79853985
336,https://www.bilibili.com/video/av497731572
337,https://www.bilibili.com/video/av201181138
338,https://www.bilibili.com/video/av625811830
339,https://www.bilibili.com/video/av415453329
340,https://www.bilibili.com/video/av90614534
341,https://www.bilibili.com/video/av670444045
342,https://www.bilibili.com/video/av65902245
343,https://www.bilibili.com/video/av330840586
344,https://www.bilibili.com/video/av499342458
345,https://www.bilibili.com/video/av245624927
346,https://www.bilibili.com/video/av795791166
347,https://www.bilibili.com/video/av94734613
348,https://www.bilibili.com/video/av90341734
349,https://www.bilibili.com/video/av840327002
350,https://www.bilibili.com/video/av668374360
351,https://www.bilibili.com/video/av412906584
352,https://www.bilibili.com/video/av55660688
353,https://www.bilibili.com/video/av371010922
354,https://www.bilibili.com/video/av841069546
355,https://www.bilibili.com/video/av839652463
356,https://www.bilibili.com/video/av77711713
357,https://www.bilibili.com/video/av85479685
358,https://www.bilibili.com/video/av90144274
359,https://www.bilibili.com/video/av81790385
360,https://www.bilibili.com/video/av968927553
361,https://www.bilibili.com/video/av927410380
362,https://www.bilibili.com/video/av456211415
363,https://www.bilibili.com/video/av840765816
364,https://www.bilibili.com/video/av93772133
365,https://www.bilibili.com/video/av55921371
366,https://www.bilibili.com/video/av970324185
367,https://www.bilibili.com/video/av81689618
368,https://www.bilibili.com/video/av371798645
369,https://www.bilibili.com/video/av328538881
370,https://www.bilibili.com/video/av499394663
371,https://www.bilibili.com/video/av370827370
372,https://www.bilibili.com/video/av77898244
373,https://www.bilibili.com/video/av87142259
374,https://www.bilibili.com/video/av883993308
375,https://www.bilibili.com/video/av72002498
376,https://www.bilibili.com/video/av838269864
377,https://www.bilibili.com/video/av89272806
378,https://www.bilibili.com/video/av927609938
379,https://www.bilibili.com/video/av42172962
380,https://www.bilibili.com/video/av73660236
381,https://www.bilibili.com/video/av797579463
382,https://www.bilibili.com/video/av54364750
383,https://www.bilibili.com/video/av541484769
384,https://www.bilibili.com/video/av286042313
385,https://www.bilibili.com/video/av541414297
386,https://www.bilibili.com/video/av583554864
387,https://www.bilibili.com/video/av795802856
388,https://www.bilibili.com/video/av100486305
389,https://www.bilibili.com/video/av60991373
390,https://www.bilibili.com/video/av93751654
391,https://www.bilibili.com/video/av370746608
392,https://www.bilibili.com/video/av201642688
393,https://www.bilibili.com/video/av200772163
394,https://www.bilibili.com/video/av89525271
395,https://www.bilibili.com/video/av797577621
396,https://www.bilibili.com/video/av90281310
397,https://www.bilibili.com/video/av201000417
398,https://www.bilibili.com/video/av414609080
399,https://www.bilibili.com/video/av49499507
400,https://www.bilibili.com/video/av98484887
401,https://www.bilibili.com/video/av86994608
402,https://www.bilibili.com/video/av456073265
403,https://www.bilibili.com/video/av66103710
404,https://www.bilibili.com/video/av82624135
405,https://www.bilibili.com/video/av98039095
406,https://www.bilibili.com/video/av77760489
407,https://www.bilibili.com/video/av78916051
408,https://www.bilibili.com/video/av98880162
409,https://www.bilibili.com/video/av88130707
410,https://www.bilibili.com/video/av91361176
411,https://www.bilibili.com/video/av91608189
412,https://www.bilibili.com/video/av75487745
413,https://www.bilibili.com/video/av286118610
414,https://www.bilibili.com/video/av711004366
415,https://www.bilibili.com/video/av843162978
416,https://www.bilibili.com/video/av926823174
417,https://www.bilibili.com/video/av753261554
418,https://www.bilibili.com/video/av98316913
419,https://www.bilibili.com/video/av91893957
420,https://www.bilibili.com/video/av884393466
421,https://www.bilibili.com/video/av497545334
422,https://www.bilibili.com/video/av31100031
423,https://www.bilibili.com/video/av969607196
424,https://www.bilibili.com/video/av926171542
425,https://www.bilibili.com/video/av286897220
426,https://www.bilibili.com/video/av329694799
427,https://www.bilibili.com/video/av75128559
428,https://www.bilibili.com/video/av667648524
429,https://www.bilibili.com/video/av584385402
430,https://www.bilibili.com/video/av669701105
431,https://www.bilibili.com/video/av77942612
432,https://www.bilibili.com/video/av926249375
433,https://www.bilibili.com/video/av81936071
434,https://www.bilibili.com/video/av85504752
435,https://www.bilibili.com/video/av754688507
436,https://www.bilibili.com/video/av97205232
437,https://www.bilibili.com/video/av62211837
438,https://www.bilibili.com/video/av625776676
439,https://www.bilibili.com/video/av78872436
440,https://www.bilibili.com/video/av968717389
441,https://www.bilibili.com/video/av627613669
442,https://www.bilibili.com/video/av754311531
443,https://www.bilibili.com/video/av79889094
444,https://www.bilibili.com/video/av70285314
445,https://www.bilibili.com/video/av370682434
446,https://www.bilibili.com/video/av456226056
447,https://www.bilibili.com/video/av202936572
448,https://www.bilibili.com/video/av73506867
449,https://www.bilibili.com/video/av71806191
450,https://www.bilibili.com/video/av583962007
451,https://www.bilibili.com/video/av81081270
452,https://www.bilibili.com/video/av88665923
453,https://www.bilibili.com/video/av885692911
454,https://www.bilibili.com/video/av627465675
455,https://www.bilibili.com/video/av91963333
456,https://www.bilibili.com/video/av68401641
457,https://www.bilibili.com/video/av585370820
458,https://www.bilibili.com/video/av99214132
459,https://www.bilibili.com/video/av328981089
460,https://www.bilibili.com/video/av582891755
461,https://www.bilibili.com/video/av201400367
462,https://www.bilibili.com/video/av370427467
463,https://www.bilibili.com/video/av244628248
464,https://www.bilibili.com/video/av97370854
465,https://www.bilibili.com/video/av840861132
466,https://www.bilibili.com/video/av97104424
467,https://www.bilibili.com/video/av795615213
468,https://www.bilibili.com/video/av203371786
469,https://www.bilibili.com/video/av89125728
470,https://www.bilibili.com/video/av754878478
471,https://www.bilibili.com/video/av80732649
472,https://www.bilibili.com/video/av415407569
473,https://www.bilibili.com/video/av285335364
474,https://www.bilibili.com/video/av90045373
475,https://www.bilibili.com/video/av371052529
476,https://www.bilibili.com/video/av87083431
477,https://www.bilibili.com/video/av668991333
478,https://www.bilibili.com/video/av753540476
479,https://www.bilibili.com/video/av543344802
480,https://www.bilibili.com/video/av93822894
481,https://www.bilibili.com/video/av625827681
482,https://www.bilibili.com/video/av327778037
483,https://www.bilibili.com/video/av540836001
484,https://www.bilibili.com/video/av89557285
485,https://www.bilibili.com/video/av372776862
486,https://www.bilibili.com/video/av98625104
487,https://www.bilibili.com/video/av97046805
488,https://www.bilibili.com/video/av667543485
489,https://www.bilibili.com/video/av62806925
490,https://www.bilibili.com/video/av925336129
491,https://www.bilibili.com/video/av713203361
492,https://www.bilibili.com/video/av541423990
493,https://www.bilibili.com/video/av87494391
494,https://www.bilibili.com/video/av81643331
495,https://www.bilibili.com/video/av62392334
496,https://www.bilibili.com/video/av540128101
497,https://www.bilibili.com/video/av968250888
498,https://www.bilibili.com/video/av927758730
499,https://www.bilibili.com/video/av670491761
500,https://www.bilibili.com/video/av77901726
501,https://www.bilibili.com/video/av328592963
502,https://www.bilibili.com/video/av83576064
503,https://www.bilibili.com/video/av54358808
504,https://www.bilibili.com/video/av797051288
505,https://www.bilibili.com/video/av583567898
506,https://www.bilibili.com/video/av670760608
507,https://www.bilibili.com/video/av497996047
508,https://www.bilibili.com/video/av414554297
509,https://www.bilibili.com/video/av542834607
510,https://www.bilibili.com/video/av62953130
511,https://www.bilibili.com/video/av243597308
512,https://www.bilibili.com/video/av92629810
513,https://www.bilibili.com/video/av81722491
514,https://www.bilibili.com/video/av840453100
515,https://www.bilibili.com/video/av84215948
516,https://www.bilibili.com/video/av56091536
517,https://www.bilibili.com/video/av90175549
518,https://www.bilibili.com/video/av884273469
519,https://www.bilibili.com/video/av68275002
520,https://www.bilibili.com/video/av203155677
521,https://www.bilibili.com/video/av584684673
522,https://www.bilibili.com/video/av330066739
523,https://www.bilibili.com/video/av97870638
524,https://www.bilibili.com/video/av242785226
525,https://www.bilibili.com/video/av625286127
526,https://www.bilibili.com/video/av90724054
527,https://www.bilibili.com/video/av842838319
528,https://www.bilibili.com/video/av843242668
529,https://www.bilibili.com/video/av414340122
530,https://www.bilibili.com/video/av81844550
531,https://www.bilibili.com/video/av67833312
532,https://www.bilibili.com/video/av88743119
533,https://www.bilibili.com/video/av60915149
534,https://www.bilibili.com/video/av244764082
535,https://www.bilibili.com/video/av842781575
536,https://www.bilibili.com/video/av200798078
537,https://www.bilibili.com/video/av668602181
538,https://www.bilibili.com/video/av88798888
539,https://www.bilibili.com/video/av80781758
540,https://www.bilibili.com/video/av287828486
541,https://www.bilibili.com/video/av96444988
542,https://www.bilibili.com/video/av244264039
543,https://www.bilibili.com/video/av584447861
544,https://www.bilibili.com/video/av91747430
545,https://www.bilibili.com/video/av70172969
546,https://www.bilibili.com/video/av99369935
547,https://www.bilibili.com/video/av64223516
548,https://www.bilibili.com/video/av285368527
549,https://www.bilibili.com/video/av82888867
550,https://www.bilibili.com/video/av69058769
551,https://www.bilibili.com/video/av583692381
552,https://www.bilibili.com/video/av413555975
553,https://www.bilibili.com/video/av94313236
554,https://www.bilibili.com/video/av668559113
555,https://www.bilibili.com/video/av627582710
556,https://www.bilibili.com/video/av96732888
557,https://www.bilibili.com/video/av98183267
558,https://www.bilibili.com/video/av81460506
559,https://www.bilibili.com/video/av497834117
560,https://www.bilibili.com/video/av669731133
561,https://www.bilibili.com/video/av285746469
562,https://www.bilibili.com/video/av373308573
563,https://www.bilibili.com/video/av712879420
564,https://www.bilibili.com/video/av60268296
565,https://www.bilibili.com/video/av884632056
566,https://www.bilibili.com/video/av201780357
567,https://www.bilibili.com/video/av712765586
568,https://www.bilibili.com/video/av80044358
569,https://www.bilibili.com/video/av967615736
570,https://www.bilibili.com/video/av55380903
571,https://www.bilibili.com/video/av840452235
572,https://www.bilibili.com/video/av97660926
573,https://www.bilibili.com/video/av627544183
574,https://www.bilibili.com/video/av61651129
575,https://www.bilibili.com/video/av47585866
576,https://www.bilibili.com/video/av200699378
577,https://www.bilibili.com/video/av74054016
578,https://www.bilibili.com/video/av88593218
579,https://www.bilibili.com/video/av285484572
580,https://www.bilibili.com/video/av70772023
581,https://www.bilibili.com/video/av455110586
582,https://www.bilibili.com/video/av414509822
583,https://www.bilibili.com/video/av78340102
584,https://www.bilibili.com/video/av713320994
585,https://www.bilibili.com/video/av91691575
586,https://www.bilibili.com/video/av78967665
587,https://www.bilibili.com/video/av89664789
588,https://www.bilibili.com/video/av542517829
589,https://www.bilibili.com/video/av89015072
590,https://www.bilibili.com/video/av90464844
591,https://www.bilibili.com/video/av85395869
592,https://www.bilibili.com/video/av91547954
593,https://www.bilibili.com/video/av59577224
594,https://www.bilibili.com/video/av57549091
595,https://www.bilibili.com/video/av96387856
596,https://www.bilibili.com/video/av55576689
597,https://www.bilibili.com/video/av91577078
598,https://www.bilibili.com/video/av286469164
599,https://www.bilibili.com/video/av413710380
600,https://www.bilibili.com/video/av98680920
601,https://www.bilibili.com/video/av285197185
602,https://www.bilibili.com/video/av498255052
603,https://www.bilibili.com/video/av710556152
604,https://www.bilibili.com/video/av668814131
605,https://www.bilibili.com/video/av88771443
606,https://www.bilibili.com/video/av83934598
607,https://www.bilibili.com/video/av754525493
608,https://www.bilibili.com/video/av372048297
609,https://www.bilibili.com/video/av55746366
610,https://www.bilibili.com/video/av584372510
611,https://www.bilibili.com/video/av88378922
612,https://www.bilibili.com/video/av455139134
613,https://www.bilibili.com/video/av245389446
614,https://www.bilibili.com/video/av90077218
615,https://www.bilibili.com/video/av91636678
616,https://www.bilibili.com/video/av53735811
617,https://www.bilibili.com/video/av625291379
618,https://www.bilibili.com/video/av330484096
619,https://www.bilibili.com/video/av60045605
620,https://www.bilibili.com/video/av81770467
621,https://www.bilibili.com/video/av89956843
622,https://www.bilibili.com/video/av92347049
623,https://www.bilibili.com/video/av85954742
624,https://www.bilibili.com/video/av542828363
625,https://www.bilibili.com/video/av80117138
626,https://www.bilibili.com/video/av91169633
627,https://www.bilibili.com/video/av286860496
628,https://www.bilibili.com/video/av498598774
629,https://www.bilibili.com/video/av627753551
630,https://www.bilibili.com/video/av328083492
631,https://www.bilibili.com/video/av370768227
632,https://www.bilibili.com/video/av88257445
633,https://www.bilibili.com/video/av87574961
634,https://www.bilibili.com/video/av928374906
635,https://www.bilibili.com/video/av39837688
636,https://www.bilibili.com/video/av98544880
637,https://www.bilibili.com/video/av327676137
638,https://www.bilibili.com/video/av79059923
639,https://www.bilibili.com/video/av92027217
640,https://www.bilibili.com/video/av91011554
641,https://www.bilibili.com/video/av200913612
642,https://www.bilibili.com/video/av540204136
643,https://www.bilibili.com/video/av754953054
644,https://www.bilibili.com/video/av329083349
645,https://www.bilibili.com/video/av99045256
646,https://www.bilibili.com/video/av200345580
647,https://www.bilibili.com/video/av710095976
648,https://www.bilibili.com/video/av800690149
649,https://www.bilibili.com/video/av97180321
650,https://www.bilibili.com/video/av542529369
651,https://www.bilibili.com/video/av372037631
652,https://www.bilibili.com/video/av99314625
653,https://www.bilibili.com/video/av92296263
654,https://www.bilibili.com/video/av670315594
655,https://www.bilibili.com/video/av669560911
656,https://www.bilibili.com/video/av625538108
657,https://www.bilibili.com/video/av669122252
658,https://www.bilibili.com/video/av83182525
659,https://www.bilibili.com/video/av91772869
660,https://www.bilibili.com/video/av77022147
661,https://www.bilibili.com/video/av287122487
662,https://www.bilibili.com/video/av73395912
663,https://www.bilibili.com/video/av667654513
664,https://www.bilibili.com/video/av497760771
665,https://www.bilibili.com/video/av842946023
666,https://www.bilibili.com/video/av81617242
667,https://www.bilibili.com/video/av92970133
668,https://www.bilibili.com/video/av81650900
669,https://www.bilibili.com/video/av883221379
670,https://www.bilibili.com/video/av839803885
671,https://www.bilibili.com/video/av78296242
672,https://www.bilibili.com/video/av500096032
673,https://www.bilibili.com/video/av585659362
674,https://www.bilibili.com/video/av55595439
675,https://www.bilibili.com/video/av68884560
676,https://www.bilibili.com/video/av585414998
677,https://www.bilibili.com/video/av45240484
678,https://www.bilibili.com/video/av456290243
679,https://www.bilibili.com/video/av68421247
680,https://www.bilibili.com/video/av413632432
681,https://www.bilibili.com/video/av498817421
682,https://www.bilibili.com/video/av455849790
683,https://www.bilibili.com/video/av97558997
684,https://www.bilibili.com/video/av498320552
685,https://www.bilibili.com/video/av93328460
686,https://www.bilibili.com/video/av838578827
687,https://www.bilibili.com/video/av288155387
688,https://www.bilibili.com/video/av91574283
689,https://www.bilibili.com/video/av712981958
690,https://www.bilibili.com/video/av84822686
691,https://www.bilibili.com/video/av61212032
692,https://www.bilibili.com/video/av88473254
693,https://www.bilibili.com/video/av66798146
694,https://www.bilibili.com/video/av455428427
695,https://www.bilibili.com/video/av796463766
696,https://www.bilibili.com/video/av412503547
697,https://www.bilibili.com/video/av242563401
698,https://www.bilibili.com/video/av89268118
699,https://www.bilibili.com/video/av53644739
700,https://www.bilibili.com/video/av60810621
701,https://www.bilibili.com/video/av84017059
702,https://www.bilibili.com/video/av97514774
703,https://www.bilibili.com/video/av97822066
704,https://www.bilibili.com/video/av98978666
705,https://www.bilibili.com/video/av712004341
706,https://www.bilibili.com/video/av243939369
707,https://www.bilibili.com/video/av840214074
708,https://www.bilibili.com/video/av457863369
709,https://www.bilibili.com/video/av90898622
710,https://www.bilibili.com/video/av89617087
711,https://www.bilibili.com/video/av82821248
712,https://www.bilibili.com/video/av372183739
713,https://www.bilibili.com/video/av82610365
714,https://www.bilibili.com/video/av86600847
715,https://www.bilibili.com/video/av711386875
716,https://www.bilibili.com/video/av795330382
717,https://www.bilibili.com/video/av86558903
718,https://www.bilibili.com/video/av82582660
719,https://www.bilibili.com/video/av55766870
720,https://www.bilibili.com/video/av75890109
721,https://www.bilibili.com/video/av80408134
722,https://www.bilibili.com/video/av88313384
723,https://www.bilibili.com/video/av60053028
724,https://www.bilibili.com/video/av542778457
725,https://www.bilibili.com/video/av329091046
726,https://www.bilibili.com/video/av796378653
727,https://www.bilibili.com/video/av78449431
728,https://www.bilibili.com/video/av81383593
729,https://www.bilibili.com/video/av753536676
730,https://www.bilibili.com/video/av585696526
731,https://www.bilibili.com/video/av84849756
732,https://www.bilibili.com/video/av752757917
733,https://www.bilibili.com/video/av710588472
734,https://www.bilibili.com/video/av89172886
735,https://www.bilibili.com/video/av412546602
736,https://www.bilibili.com/video/av82115982
737,https://www.bilibili.com/video/av627765509
738,https://www.bilibili.com/video/av970255823
739,https://www.bilibili.com/video/av33107526
740,https://www.bilibili.com/video/av710308919
741,https://www.bilibili.com/video/av585825747
742,https://www.bilibili.com/video/av710662193
743,https://www.bilibili.com/video/av78081045
744,https://www.bilibili.com/video/av753989766
745,https://www.bilibili.com/video/av712024456
746,https://www.bilibili.com/video/av627981603
747,https://www.bilibili.com/video/av713281522
748,https://www.bilibili.com/video/av285693780
749,https://www.bilibili.com/video/av97334840
750,https://www.bilibili.com/video/av53224306
751,https://www.bilibili.com/video/av969287577
752,https://www.bilibili.com/video/av711470587
753,https://www.bilibili.com/video/av330385011
754,https://www.bilibili.com/video/av414020647
755,https://www.bilibili.com/video/av668292735
756,https://www.bilibili.com/video/av585827863
757,https://www.bilibili.com/video/av838985872
758,https://www.bilibili.com/video/av65505971
759,https://www.bilibili.com/video/av540038981
760,https://www.bilibili.com/video/av97477083
761,https://www.bilibili.com/video/av78075397
762,https://www.bilibili.com/video/av456844849
763,https://www.bilibili.com/video/av86920928
764,https://www.bilibili.com/video/av542986856
765,https://www.bilibili.com/video/av457541583
766,https://www.bilibili.com/video/av800472238
767,https://www.bilibili.com/video/av100033121
768,https://www.bilibili.com/video/av70921675
769,https://www.bilibili.com/video/av287072296
770,https://www.bilibili.com/video/av71667084
771,https://www.bilibili.com/video/av540841773
772,https://www.bilibili.com/video/av286085111
773,https://www.bilibili.com/video/av970442085
774,https://www.bilibili.com/video/av753910934
775,https://www.bilibili.com/video/av88268193
776,https://www.bilibili.com/video/av286925073
777,https://www.bilibili.com/video/av96735759
778,https://www.bilibili.com/video/av99776954
779,https://www.bilibili.com/video/av82354949
780,https://www.bilibili.com/video/av753340208
781,https://www.bilibili.com/video/av839950285
782,https://www.bilibili.com/video/av583334294
783,https://www.bilibili.com/video/av753152536
784,https://www.bilibili.com/video/av98423359
785,https://www.bilibili.com/video/av884407616
786,https://www.bilibili.com/video/av456147396
787,https://www.bilibili.com/video/av77393705
788,https://www.bilibili.com/video/av711824886
789,https://www.bilibili.com/video/av584368302
790,https://www.bilibili.com/video/av200206929
791,https://www.bilibili.com/video/av626819993
792,https://www.bilibili.com/video/av87109676
793,https://www.bilibili.com/video/av71445196
794,https://www.bilibili.com/video/av286067042
795,https://www.bilibili.com/video/av329283578
796,https://www.bilibili.com/video/av371355574
797,https://www.bilibili.com/video/av243370357
798,https://www.bilibili.com/video/av242852973
799,https://www.bilibili.com/video/av202184739
800,https://www.bilibili.com/video/av285438823
801,https://www.bilibili.com/video/av97279162
802,https://www.bilibili.com/video/av498296398
803,https://www.bilibili.com/video/av627165952
804,https://www.bilibili.com/video/av285097628
805,https://www.bilibili.com/video/av98344735
806,https://www.bilibili.com/video/av285510491
807,https://www.bilibili.com/video/av80775588
808,https://www.bilibili.com/video/av414475196
809,https://www.bilibili.com/video/av627543349
810,https://www.bilibili.com/video/av795018936
811,https://www.bilibili.com/video/av87646136
812,https://www.bilibili.com/video/av78441237
813,https://www.bilibili.com/video/av626303287
814,https://www.bilibili.com/video/av87154466
815,https://www.bilibili.com/video/av244736460
816,https://www.bilibili.com/video/av94678797
817,https://www.bilibili.com/video/av456214556
818,https://www.bilibili.com/video/av200414666
819,https://www.bilibili.com/video/av94582585
820,https://www.bilibili.com/video/av668125513
821,https://www.bilibili.com/video/av71399563
822,https://www.bilibili.com/video/av94970617
823,https://www.bilibili.com/video/av626827630
824,https://www.bilibili.com/video/av841102714
825,https://www.bilibili.com/video/av93599575
826,https://www.bilibili.com/video/av288173068
827,https://www.bilibili.com/video/av711463767
828,https://www.bilibili.com/video/av71649945
829,https://www.bilibili.com/video/av96590403
830,https://www.bilibili.com/video/av91447224
831,https://www.bilibili.com/video/av201194673
832,https://www.bilibili.com/video/av57499323
833,https://www.bilibili.com/video/av712611458
834,https://www.bilibili.com/video/av88767633
835,https://www.bilibili.com/video/av970757559
836,https://www.bilibili.com/video/av543026844
837,https://www.bilibili.com/video/av86836214
838,https://www.bilibili.com/video/av71868598
839,https://www.bilibili.com/video/av98050282
840,https://www.bilibili.com/video/av245432470
841,https://www.bilibili.com/video/av244023444
842,https://www.bilibili.com/video/av97862589
843,https://www.bilibili.com/video/av82404430
844,https://www.bilibili.com/video/av584266484
845,https://www.bilibili.com/video/av63352221
846,https://www.bilibili.com/video/av626359642
847,https://www.bilibili.com/video/av63582933
848,https://www.bilibili.com/video/av712377714
849,https://www.bilibili.com/video/av796122693
850,https://www.bilibili.com/video/av60740368
851,https://www.bilibili.com/video/av841108260
852,https://www.bilibili.com/video/av328623413
853,https://www.bilibili.com/video/av84516921
854,https://www.bilibili.com/video/av754278278
855,https://www.bilibili.com/video/av97139827
856,https://www.bilibili.com/video/av669468020
857,https://www.bilibili.com/video/av80322719
858,https://www.bilibili.com/video/av970870751
859,https://www.bilibili.com/video/av92220710
860,https://www.bilibili.com/video/av627100299
861,https://www.bilibili.com/video/av96457104
862,https://www.bilibili.com/video/av54901022
863,https://www.bilibili.com/video/av97575340
864,https://www.bilibili.com/video/av96868791
865,https://www.bilibili.com/video/av286000504
866,https://www.bilibili.com/video/av670089738
867,https://www.bilibili.com/video/av969290756
868,https://www.bilibili.com/video/av884667746
869,https://www.bilibili.com/video/av968261062
870,https://www.bilibili.com/video/av840335792
871,https://www.bilibili.com/video/av89869964
872,https://www.bilibili.com/video/av91780484
873,https://www.bilibili.com/video/av61547542
874,https://www.bilibili.com/video/av90099929
875,https://www.bilibili.com/video/av842234723
876,https://www.bilibili.com/video/av968345295
877,https://www.bilibili.com/video/av245785765
878,https://www.bilibili.com/video/av455580328
879,https://www.bilibili.com/video/av925846735
880,https://www.bilibili.com/video/av87609505
881,https://www.bilibili.com/video/av99191092
882,https://www.bilibili.com/video/av498588775
883,https://www.bilibili.com/video/av245071196
884,https://www.bilibili.com/video/av245027991
885,https://www.bilibili.com/video/av86412927
886,https://www.bilibili.com/video/av88983424
887,https://www.bilibili.com/video/av71806727
888,https://www.bilibili.com/video/av96732199
889,https://www.bilibili.com/video/av66010055
890,https://www.bilibili.com/video/av97598481
891,https://www.bilibili.com/video/av245869848
892,https://www.bilibili.com/video/av795531039
893,https://www.bilibili.com/video/av90233433
894,https://www.bilibili.com/video/av87068400
895,https://www.bilibili.com/video/av52045797
896,https://www.bilibili.com/video/av54007738
897,https://www.bilibili.com/video/av753344698
898,https://www.bilibili.com/video/av90178793
899,https://www.bilibili.com/video/av90550636
900,https://www.bilibili.com/video/av48688363
901,https://www.bilibili.com/video/av90952499
902,https://www.bilibili.com/video/av456411960
903,https://www.bilibili.com/video/av81645000
904,https://www.bilibili.com/video/av541854617
905,https://www.bilibili.com/video/av669436257
906,https://www.bilibili.com/video/av243382544
907,https://www.bilibili.com/video/av498895340
908,https://www.bilibili.com/video/av795409584
909,https://www.bilibili.com/video/av66122797
910,https://www.bilibili.com/video/av89042564
911,https://www.bilibili.com/video/av96907553
912,https://www.bilibili.com/video/av285392119
